key,source,local_id,last_updated,url,title,authors_list,doi,publication_year
"researchgraph.org/inspirehep/Penner:1974ek","inspirehep.net","Penner:1974ek","20131120123708.0","https://inspirehep.net/record/Penner:1974ek","Majorana Gauge Theory and V-A","Penner. Richard L."
"researchgraph.org/inspirehep/Becker:1974em","inspirehep.net","Becker:1974em","20160616121513.0","https://inspirehep.net/record/Becker:1974em","Relativistic Theory of Nucleons in Laser Fields","Becker. W. , Mitter. H.","10.1088/0305-4470/7/11/006"
"researchgraph.org/inspirehep/Becker:1974en","inspirehep.net","Becker:1974en","20160909172444.0","https://inspirehep.net/record/Becker:1974en","Vacuum polarization in laser fields","Becker. W. , Mitter. H.","10.1088/0305-4470/8/10/017","1975-10"
"researchgraph.org/inspirehep/Landau:1974eq","inspirehep.net","Landau:1974eq","20160406113155.0","https://inspirehep.net/record/Landau:1974eq","The Role of Off-Shell Scattering in the Pion Optical Potential","Landau. R.H. , Tabakin. F.","10.1016/0375-9474(74)90508-9","1974"
"researchgraph.org/inspirehep/Caro:1974es","inspirehep.net","Caro:1974es","20160407101341.0","https://inspirehep.net/record/Caro:1974es","A Test of the Orfanidis-Rittenberg Statistical Model Using anti-p n Data in Flight","Caro. D.E. , Gold. E. , Klein. A.G. , Opat. G.I. , Wignall. J.W.G.","10.1016/0550-3213(75)90643-4","1975"
